<?xml version="1.0" encoding="UTF-8"?>
<configuration>
    <include resource="org/springframework/boot/logging/logback/base.xml"/>
    <!-- See: https://github.com/osiegmar/logback-gelf -->
    <springProperty scope="context" name="graylogHost" source="wayfair.logging.gelfReceiver" defaultValue="localhost"/>
    <appender name="GELF" class="de.siegmar.logbackgelf.GelfUdpAppender">
        <graylogHost>${graylogHost}</graylogHost>
        <graylogPort>12201</graylogPort>
        <maxChunkSize>508</maxChunkSize>
        <useCompression>true</useCompression>
        <encoder class="de.siegmar.logbackgelf.GelfEncoder">
            <includeRawMessage>true</includeRawMessage>
            <includeMarker>true</includeMarker>
            <includeMdcData>true</includeMdcData>
            <includeCallerData>true</includeCallerData>
            <includeRootCauseData>true</includeRootCauseData>
            <includeLevelName>true</includeLevelName>
            <levelNameKey>log_level</levelNameKey>

            <shortPatternLayout class="ch.qos.logback.classic.PatternLayout">
                <!-- This prevents the full stacktrace from being added to short_message -->
                <pattern>%m%nopex</pattern>
            </shortPatternLayout>
            <fullPatternLayout class="ch.qos.logback.classic.PatternLayout">
                <pattern>%m</pattern>
            </fullPatternLayout>
            <staticField>application:so-registration-api</staticField>
            <staticField>os_arch:${os.arch}</staticField>
            <staticField>os_name:${os.name}</staticField>
            <staticField>os_version:${os.version}</staticField>
            <staticField>app_version:${DD_VERSION}</staticField>
        </encoder>
    </appender>
    <root level="info">
        <appender-ref ref="GELF"/>
        <appender-ref ref="CONSOLE"/>
    </root>
</configuration>
